{
  "main": {
    "id": "b76a224c0451d212",
    "type": "split",
    "children": [
      {
        "id": "67f05bf95fc77a83",
        "type": "tabs",
        "children": [
          {
            "id": "527d6eddde7c5104",
            "type": "leaf",
            "state": {
              "type": "empty",
              "state": {},
              "icon": "lucide-file",
              "title": "Новая вкладка"
            }
          }
        ]
      }
    ],
    "direction": "vertical"
  },
  "left": {
    "id": "0260a98a16af030c",
    "type": "split",
    "children": [
      {
        "id": "53fec63ff377a07f",
        "type": "tabs",
        "children": [
          {
            "id": "0c9d5884a4838a22",
            "type": "leaf",
            "state": {
              "type": "file-explorer",
              "state": {
                "sortOrder": "alphabetical"
              },
              "icon": "lucide-folder-closed",
              "title": "Файловый менеджер"
            }
          },
          {
            "id": "fe9c4e97d2cd7156",
            "type": "leaf",
            "state": {
              "type": "search",
              "state": {
                "query": "youtube",
                "matchingCase": false,
                "explainSearch": true,
                "collapseAll": true,
                "extraContext": true,
                "sortOrder": "byModifiedTime"
              },
              "icon": "lucide-search",
              "title": "Поиск"
            }
          },
          {
            "id": "7ba1d3032a8d2d07",
            "type": "leaf",
            "state": {
              "type": "bookmarks",
              "state": {},
              "icon": "lucide-bookmark",
              "title": "Закладки"
            }
          }
        ]
      }
    ],
    "direction": "horizontal",
    "width": 368.5
  },
  "right": {
    "id": "c37f2695776f7636",
    "type": "split",
    "children": [
      {
        "id": "661a81bc48222053",
        "type": "tabs",
        "children": [
          {
            "id": "0497a25b4282a829",
            "type": "leaf",
            "state": {
              "type": "backlink",
              "state": {
                "collapseAll": true,
                "extraContext": false,
                "sortOrder": "alphabetical",
                "showSearch": true,
                "searchQuery": "",
                "backlinkCollapsed": false,
                "unlinkedCollapsed": true
              },
              "icon": "links-coming-in",
              "title": "Обратные ссылки"
            }
          },
          {
            "id": "6315498b51dcb19f",
            "type": "leaf",
            "state": {
              "type": "git-view",
              "state": {},
              "icon": "git-pull-request",
              "title": "Source Control"
            }
          },
          {
            "id": "cc20b1268a1dc212",
            "type": "leaf",
            "state": {
              "type": "outgoing-link",
              "state": {
                "linksCollapsed": false,
                "unlinkedCollapsed": true
              },
              "icon": "links-going-out",
              "title": "Исходящие ссылки"
            }
          },
          {
            "id": "d78e75c547c32716",
            "type": "leaf",
            "state": {
              "type": "tag",
              "state": {
                "sortOrder": "frequency",
                "useHierarchy": true
              },
              "icon": "lucide-tags",
              "title": "Теги"
            }
          },
          {
            "id": "09bbf1c855191bd8",
            "type": "leaf",
            "state": {
              "type": "outline",
              "state": {},
              "icon": "lucide-list",
              "title": "Структура"
            }
          }
        ],
        "currentTab": 1
      }
    ],
    "direction": "horizontal",
    "width": 472.5
  },
  "left-ribbon": {
    "hiddenItems": {
      "canvas:Создать новый холст": false,
      "switcher:Меню быстрого перехода": false,
      "command-palette:Открыть палитру команд": false,
      "markdown-importer:Импорт Markdown-файлов": false,
      "obsidian-excalidraw-plugin:Create new drawing": false
    }
  },
  "active": "6315498b51dcb19f",
  "lastOpenFiles": [
    "Интернет и сети/Обходы блокировки Youtube.md",
    "Roadmap/Список мини-курсов.md",
    "PHP/Vagrant настройка в Windows 10.md",
    "Pets Project/Умный дом.md",
    "Мышление и психика/Некоторые методы пропаганды.md",
    "Anykey helpers/Winget примеры.md",
    "Мышление и психика/Примеры пропаганды.md",
    "Мышление и психика/attachments/мем про пропаганду.png",
    "Мышление и психика/attachments/иллюстрация пропаганды.png",
    "Мышление и психика/Аргументы и доказательства существования бога.md",
    "Computer science/про математические символы.png",
    "Computer science/attachments/Pasted image 20231227195623.png",
    "Computer science/attachments/Xpath_axes.png",
    "Финансы/Хранение крипты.md",
    "Проекты/Старый дневник.md",
    "Проекты/Краеведение/Крепости Лен области.png",
    "Проекты/Краеведение",
    "Проекты/Без названия.md",
    "Pets Project/Облигации.md",
    "PHP/Ссылки в PHP.md",
    "Hardware/виды разъемов на блоке питания.jpg",
    "Hardware/виды SATA разъемов.jpg",
    "Hardware/виды IDE разъемов.jpg",
    "Computer science/виды аутентификации.jpg",
    "Computer science/Этапы развития ИИ.md",
    "Финансы/Тактики заработка на биржах.md",
    "Финансы/Сравнение TON кошельков.md",
    "Финансы/Про устройство биржи.md",
    "Финансы/Объяснение биткоина.md",
    "Мышление и психика/Как определить пирамиду.md",
    "Мышление и психика/Пример формирующего опроса.md",
    "JS/Если не работает jQuery Fancybox.md",
    "Computer science/XPath Cheatsheet.md",
    "Backend/Docker обзор.md",
    "Backend/Dockerfile рецепты.md",
    "Backend/Docker рецепты.md",
    "Проекты/Заметки по генеалогии.md",
    "Финансы/attachments",
    "Без названия.canvas",
    "Язык и Контент/attachments",
    "Проекты/Организация книг",
    "Проекты",
    "архив",
    "Мышление и психика/attachments",
    "Мышление и психика",
    "Язык и Контент",
    "Soft skills",
    "Без названия 1.canvas"
  ]
}